,DATE,DATE_NAME,DATE_CODE,DATE_TYPE,DATE_TYPECODE,DATE_SORTORDER,GEOGRAPHY,GEOGRAPHY_NAME,GEOGRAPHY_CODE,GEOGRAPHY_TYPE,GEOGRAPHY_TYPECODE,GEOGRAPHY_SORTORDER,C2021_AGE_92,C2021_AGE_92_NAME,C2021_AGE_92_CODE,C2021_AGE_92_TYPE,C2021_AGE_92_TYPECODE,C2021_AGE_92_SORTORDER,C_SEX,C_SEX_NAME,C_SEX_CODE,C_SEX_TYPE,C_SEX_TYPECODE,C_SEX_SORTORDER,MEASURES,MEASURES_NAME,OBS_VALUE,OBS_STATUS,OBS_STATUS_NAME,OBS_CONF,OBS_CONF_NAME,URN,RECORD_OFFSET,RECORD_COUNT,age_range
0,2021,2021,2021,date,0,0,650117121,Darlington,E06000005,2022 local authorities: counties,155,0,0,Total,0,Age,1000000,0,0,All persons,0,Sex,1000000,0,20100,Value,107806,A,Normal Value,F,Free (free for publication),Nm-2300d1d32336e0d650117121d0d0d20100,0,48024,Total
1,2021,2021,2021,date,0,0,650117121,Darlington,E06000005,2022 local authorities: counties,155,0,0,Total,0,Age,1000000,0,1,Female,_1,Sex,1000000,1,20100,Value,55137,A,Normal Value,F,Free (free for publication),Nm-2300d1d32336e0d650117121d0d1d20100,1,48024,Total
2,2021,2021,2021,date,0,0,650117121,Darlington,E06000005,2022 local authorities: counties,155,0,0,Total,0,Age,1000000,0,2,Male,_2,Sex,1000000,2,20100,Value,52669,A,Normal Value,F,Free (free for publication),Nm-2300d1d32336e0d650117121d0d2d20100,2,48024,Total
276,2021,2021,2021,date,0,0,650117122,County Durham,E06000047,2022 local authorities: counties,155,1,0,Total,0,Age,1000000,0,0,All persons,0,Sex,1000000,0,20100,Value,522069,A,Normal Value,F,Free (free for publication),Nm-2300d1d32336e0d650117122d0d0d20100,276,48024,Total
277,2021,2021,2021,date,0,0,650117122,County Durham,E06000047,2022 local authorities: counties,155,1,0,Total,0,Age,1000000,0,1,Female,_1,Sex,1000000,1,20100,Value,266762,A,Normal Value,F,Free (free for publication),Nm-2300d1d32336e0d650117122d0d1d20100,277,48024,Total
278,2021,2021,2021,date,0,0,650117122,County Durham,E06000047,2022 local authorities: counties,155,1,0,Total,0,Age,1000000,0,2,Male,_2,Sex,1000000,2,20100,Value,255307,A,Normal Value,F,Free (free for publication),Nm-2300d1d32336e0d650117122d0d2d20100,278,48024,Total
552,2021,2021,2021,date,0,0,650117123,Hartlepool,E06000001,2022 local authorities: counties,155,2,0,Total,0,Age,1000000,0,0,All persons,0,Sex,1000000,0,20100,Value,92347,A,Normal Value,F,Free (free for publication),Nm-2300d1d32336e0d650117123d0d0d20100,552,48024,Total
553,2021,2021,2021,date,0,0,650117123,Hartlepool,E06000001,2022 local authorities: counties,155,2,0,Total,0,Age,1000000,0,1,Female,_1,Sex,1000000,1,20100,Value,47656,A,Normal Value,F,Free (free for publication),Nm-2300d1d32336e0d650117123d0d1d20100,553,48024,Total
554,2021,2021,2021,date,0,0,650117123,Hartlepool,E06000001,2022 local authorities: counties,155,2,0,Total,0,Age,1000000,0,2,Male,_2,Sex,1000000,2,20100,Value,44691,A,Normal Value,F,Free (free for publication),Nm-2300d1d32336e0d650117123d0d2d20100,554,48024,Total
828,2021,2021,2021,date,0,0,650117124,Middlesbrough,E06000002,2022 local authorities: counties,155,3,0,Total,0,Age,1000000,0,0,All persons,0,Sex,1000000,0,20100,Value,143922,A,Normal Value,F,Free (free for publication),Nm-2300d1d32336e0d650117124d0d0d20100,828,48024,Total
829,2021,2021,2021,date,0,0,650117124,Middlesbrough,E06000002,2022 local authorities: counties,155,3,0,Total,0,Age,1000000,0,1,Female,_1,Sex,1000000,1,20100,Value,73035,A,Normal Value,F,Free (free for publication),Nm-2300d1d32336e0d650117124d0d1d20100,829,48024,Total
830,2021,2021,2021,date,0,0,650117124,Middlesbrough,E06000002,2022 local authorities: counties,155,3,0,Total,0,Age,1000000,0,2,Male,_2,Sex,1000000,2,20100,Value,70887,A,Normal Value,F,Free (free for publication),Nm-2300d1d32336e0d650117124d0d2d20100,830,48024,Total
1104,2021,2021,2021,date,0,0,650117125,Northumberland,E06000057,2022 local authorities: counties,155,4,0,Total,0,Age,1000000,0,0,All persons,0,Sex,1000000,0,20100,Value,320562,A,Normal Value,F,Free (free for publication),Nm-2300d1d32336e0d650117125d0d0d20100,1104,48024,Total
1105,2021,2021,2021,date,0,0,650117125,Northumberland,E06000057,2022 local authorities: counties,155,4,0,Total,0,Age,1000000,0,1,Female,_1,Sex,1000000,1,20100,Value,163983,A,Normal Value,F,Free (free for publication),Nm-2300d1d32336e0d650117125d0d1d20100,1105,48024,Total
1106,2021,2021,2021,date,0,0,650117125,Northumberland,E06000057,2022 local authorities: counties,155,4,0,Total,0,Age,1000000,0,2,Male,_2,Sex,1000000,2,20100,Value,156579,A,Normal Value,F,Free (free for publication),Nm-2300d1d32336e0d650117125d0d2d20100,1106,48024,Total
1380,2021,2021,2021,date,0,0,650117126,Redcar and Cleveland,E06000003,2022 local authorities: counties,155,5,0,Total,0,Age,1000000,0,0,All persons,0,Sex,1000000,0,20100,Value,136538,A,Normal Value,F,Free (free for publication),Nm-2300d1d32336e0d650117126d0d0d20100,1380,48024,Total
1381,2021,2021,2021,date,0,0,650117126,Redcar and Cleveland,E06000003,2022 local authorities: counties,155,5,0,Total,0,Age,1000000,0,1,Female,_1,Sex,1000000,1,20100,Value,70448,A,Normal Value,F,Free (free for publication),Nm-2300d1d32336e0d650117126d0d1d20100,1381,48024,Total
1382,2021,2021,2021,date,0,0,650117126,Redcar and Cleveland,E06000003,2022 local authorities: counties,155,5,0,Total,0,Age,1000000,0,2,Male,_2,Sex,1000000,2,20100,Value,66090,A,Normal Value,F,Free (free for publication),Nm-2300d1d32336e0d650117126d0d2d20100,1382,48024,Total
1656,2021,2021,2021,date,0,0,650117127,Stockton-on-Tees,E06000004,2022 local authorities: counties,155,6,0,Total,0,Age,1000000,0,0,All persons,0,Sex,1000000,0,20100,Value,196587,A,Normal Value,F,Free (free for publication),Nm-2300d1d32336e0d650117127d0d0d20100,1656,48024,Total
1657,2021,2021,2021,date,0,0,650117127,Stockton-on-Tees,E06000004,2022 local authorities: counties,155,6,0,Total,0,Age,1000000,0,1,Female,_1,Sex,1000000,1,20100,Value,100070,A,Normal Value,F,Free (free for publication),Nm-2300d1d32336e0d650117127d0d1d20100,1657,48024,Total
1658,2021,2021,2021,date,0,0,650117127,Stockton-on-Tees,E06000004,2022 local authorities: counties,155,6,0,Total,0,Age,1000000,0,2,Male,_2,Sex,1000000,2,20100,Value,96517,A,Normal Value,F,Free (free for publication),Nm-2300d1d32336e0d650117127d0d2d20100,1658,48024,Total
1932,2021,2021,2021,date,0,0,650117128,Gateshead,E08000037,2022 local authorities: counties,155,7,0,Total,0,Age,1000000,0,0,All persons,0,Sex,1000000,0,20100,Value,196163,A,Normal Value,F,Free (free for publication),Nm-2300d1d32336e0d650117128d0d0d20100,1932,48024,Total
1933,2021,2021,2021,date,0,0,650117128,Gateshead,E08000037,2022 local authorities: counties,155,7,0,Total,0,Age,1000000,0,1,Female,_1,Sex,1000000,1,20100,Value,99958,A,Normal Value,F,Free (free for publication),Nm-2300d1d32336e0d650117128d0d1d20100,1933,48024,Total
1934,2021,2021,2021,date,0,0,650117128,Gateshead,E08000037,2022 local authorities: counties,155,7,0,Total,0,Age,1000000,0,2,Male,_2,Sex,1000000,2,20100,Value,96205,A,Normal Value,F,Free (free for publication),Nm-2300d1d32336e0d650117128d0d2d20100,1934,48024,Total
2208,2021,2021,2021,date,0,0,650117129,Newcastle upon Tyne,E08000021,2022 local authorities: counties,155,8,0,Total,0,Age,1000000,0,0,All persons,0,Sex,1000000,0,20100,Value,300135,A,Normal Value,F,Free (free for publication),Nm-2300d1d32336e0d650117129d0d0d20100,2208,48024,Total
2209,2021,2021,2021,date,0,0,650117129,Newcastle upon Tyne,E08000021,2022 local authorities: counties,155,8,0,Total,0,Age,1000000,0,1,Female,_1,Sex,1000000,1,20100,Value,151804,A,Normal Value,F,Free (free for publication),Nm-2300d1d32336e0d650117129d0d1d20100,2209,48024,Total
2210,2021,2021,2021,date,0,0,650117129,Newcastle upon Tyne,E08000021,2022 local authorities: counties,155,8,0,Total,0,Age,1000000,0,2,Male,_2,Sex,1000000,2,20100,Value,148331,A,Normal Value,F,Free (free for publication),Nm-2300d1d32336e0d650117129d0d2d20100,2210,48024,Total
2484,2021,2021,2021,date,0,0,650117130,North Tyneside,E08000022,2022 local authorities: counties,155,9,0,Total,0,Age,1000000,0,0,All persons,0,Sex,1000000,0,20100,Value,208974,A,Normal Value,F,Free (free for publication),Nm-2300d1d32336e0d650117130d0d0d20100,2484,48024,Total
2485,2021,2021,2021,date,0,0,650117130,North Tyneside,E08000022,2022 local authorities: counties,155,9,0,Total,0,Age,1000000,0,1,Female,_1,Sex,1000000,1,20100,Value,107637,A,Normal Value,F,Free (free for publication),Nm-2300d1d32336e0d650117130d0d1d20100,2485,48024,Total
2486,2021,2021,2021,date,0,0,650117130,North Tyneside,E08000022,2022 local authorities: counties,155,9,0,Total,0,Age,1000000,0,2,Male,_2,Sex,1000000,2,20100,Value,101337,A,Normal Value,F,Free (free for publication),Nm-2300d1d32336e0d650117130d0d2d20100,2486,48024,Total
2760,2021,2021,2021,date,0,0,650117131,South Tyneside,E08000023,2022 local authorities: counties,155,10,0,Total,0,Age,1000000,0,0,All persons,0,Sex,1000000,0,20100,Value,147776,A,Normal Value,F,Free (free for publication),Nm-2300d1d32336e0d650117131d0d0d20100,2760,48024,Total
2761,2021,2021,2021,date,0,0,650117131,South Tyneside,E08000023,2022 local authorities: counties,155,10,0,Total,0,Age,1000000,0,1,Female,_1,Sex,1000000,1,20100,Value,76062,A,Normal Value,F,Free (free for publication),Nm-2300d1d32336e0d650117131d0d1d20100,2761,48024,Total
2762,2021,2021,2021,date,0,0,650117131,South Tyneside,E08000023,2022 local authorities: counties,155,10,0,Total,0,Age,1000000,0,2,Male,_2,Sex,1000000,2,20100,Value,71714,A,Normal Value,F,Free (free for publication),Nm-2300d1d32336e0d650117131d0d2d20100,2762,48024,Total
3036,2021,2021,2021,date,0,0,650117132,Sunderland,E08000024,2022 local authorities: counties,155,11,0,Total,0,Age,1000000,0,0,All persons,0,Sex,1000000,0,20100,Value,274168,A,Normal Value,F,Free (free for publication),Nm-2300d1d32336e0d650117132d0d0d20100,3036,48024,Total
3037,2021,2021,2021,date,0,0,650117132,Sunderland,E08000024,2022 local authorities: counties,155,11,0,Total,0,Age,1000000,0,1,Female,_1,Sex,1000000,1,20100,Value,141077,A,Normal Value,F,Free (free for publication),Nm-2300d1d32336e0d650117132d0d1d20100,3037,48024,Total
3038,2021,2021,2021,date,0,0,650117132,Sunderland,E08000024,2022 local authorities: counties,155,11,0,Total,0,Age,1000000,0,2,Male,_2,Sex,1000000,2,20100,Value,133091,A,Normal Value,F,Free (free for publication),Nm-2300d1d32336e0d650117132d0d2d20100,3038,48024,Total
3312,2021,2021,2021,date,0,0,650117133,Blackburn with Darwen,E06000008,2022 local authorities: counties,155,12,0,Total,0,Age,1000000,0,0,All persons,0,Sex,1000000,0,20100,Value,154739,A,Normal Value,F,Free (free for publication),Nm-2300d1d32336e0d650117133d0d0d20100,3312,48024,Total
3313,2021,2021,2021,date,0,0,650117133,Blackburn with Darwen,E06000008,2022 local authorities: counties,155,12,0,Total,0,Age,1000000,0,1,Female,_1,Sex,1000000,1,20100,Value,78037,A,Normal Value,F,Free (free for publication),Nm-2300d1d32336e0d650117133d0d1d20100,3313,48024,Total
3314,2021,2021,2021,date,0,0,650117133,Blackburn with Darwen,E06000008,2022 local authorities: counties,155,12,0,Total,0,Age,1000000,0,2,Male,_2,Sex,1000000,2,20100,Value,76702,A,Normal Value,F,Free (free for publication),Nm-2300d1d32336e0d650117133d0d2d20100,3314,48024,Total
3588,2021,2021,2021,date,0,0,650117134,Blackpool,E06000009,2022 local authorities: counties,155,13,0,Total,0,Age,1000000,0,0,All persons,0,Sex,1000000,0,20100,Value,141029,A,Normal Value,F,Free (free for publication),Nm-2300d1d32336e0d650117134d0d0d20100,3588,48024,Total
3589,2021,2021,2021,date,0,0,650117134,Blackpool,E06000009,2022 local authorities: counties,155,13,0,Total,0,Age,1000000,0,1,Female,_1,Sex,1000000,1,20100,Value,71415,A,Normal Value,F,Free (free for publication),Nm-2300d1d32336e0d650117134d0d1d20100,3589,48024,Total
3590,2021,2021,2021,date,0,0,650117134,Blackpool,E06000009,2022 local authorities: counties,155,13,0,Total,0,Age,1000000,0,2,Male,_2,Sex,1000000,2,20100,Value,69614,A,Normal Value,F,Free (free for publication),Nm-2300d1d32336e0d650117134d0d2d20100,3590,48024,Total
3864,2021,2021,2021,date,0,0,650117135,Cheshire East,E06000049,2022 local authorities: counties,155,14,0,Total,0,Age,1000000,0,0,All persons,0,Sex,1000000,0,20100,Value,398775,A,Normal Value,F,Free (free for publication),Nm-2300d1d32336e0d650117135d0d0d20100,3864,48024,Total
3865,2021,2021,2021,date,0,0,650117135,Cheshire East,E06000049,2022 local authorities: counties,155,14,0,Total,0,Age,1000000,0,1,Female,_1,Sex,1000000,1,20100,Value,203196,A,Normal Value,F,Free (free for publication),Nm-2300d1d32336e0d650117135d0d1d20100,3865,48024,Total
3866,2021,2021,2021,date,0,0,650117135,Cheshire East,E06000049,2022 local authorities: counties,155,14,0,Total,0,Age,1000000,0,2,Male,_2,Sex,1000000,2,20100,Value,195579,A,Normal Value,F,Free (free for publication),Nm-2300d1d32336e0d650117135d0d2d20100,3866,48024,Total
4140,2021,2021,2021,date,0,0,650117136,Cheshire West and Chester,E06000050,2022 local authorities: counties,155,15,0,Total,0,Age,1000000,0,0,All persons,0,Sex,1000000,0,20100,Value,357147,A,Normal Value,F,Free (free for publication),Nm-2300d1d32336e0d650117136d0d0d20100,4140,48024,Total
4141,2021,2021,2021,date,0,0,650117136,Cheshire West and Chester,E06000050,2022 local authorities: counties,155,15,0,Total,0,Age,1000000,0,1,Female,_1,Sex,1000000,1,20100,Value,182841,A,Normal Value,F,Free (free for publication),Nm-2300d1d32336e0d650117136d0d1d20100,4141,48024,Total
4142,2021,2021,2021,date,0,0,650117136,Cheshire West and Chester,E06000050,2022 local authorities: counties,155,15,0,Total,0,Age,1000000,0,2,Male,_2,Sex,1000000,2,20100,Value,174306,A,Normal Value,F,Free (free for publication),Nm-2300d1d32336e0d650117136d0d2d20100,4142,48024,Total
4416,2021,2021,2021,date,0,0,650117137,Halton,E06000006,2022 local authorities: counties,155,16,0,Total,0,Age,1000000,0,0,All persons,0,Sex,1000000,0,20100,Value,128470,A,Normal Value,F,Free (free for publication),Nm-2300d1d32336e0d650117137d0d0d20100,4416,48024,Total
4417,2021,2021,2021,date,0,0,650117137,Halton,E06000006,2022 local authorities: counties,155,16,0,Total,0,Age,1000000,0,1,Female,_1,Sex,1000000,1,20100,Value,65543,A,Normal Value,F,Free (free for publication),Nm-2300d1d32336e0d650117137d0d1d20100,4417,48024,Total
4418,2021,2021,2021,date,0,0,650117137,Halton,E06000006,2022 local authorities: counties,155,16,0,Total,0,Age,1000000,0,2,Male,_2,Sex,1000000,2,20100,Value,62927,A,Normal Value,F,Free (free for publication),Nm-2300d1d32336e0d650117137d0d2d20100,4418,48024,Total
4692,2021,2021,2021,date,0,0,650117138,Warrington,E06000007,2022 local authorities: counties,155,17,0,Total,0,Age,1000000,0,0,All persons,0,Sex,1000000,0,20100,Value,210971,A,Normal Value,F,Free (free for publication),Nm-2300d1d32336e0d650117138d0d0d20100,4692,48024,Total
4693,2021,2021,2021,date,0,0,650117138,Warrington,E06000007,2022 local authorities: counties,155,17,0,Total,0,Age,1000000,0,1,Female,_1,Sex,1000000,1,20100,Value,106527,A,Normal Value,F,Free (free for publication),Nm-2300d1d32336e0d650117138d0d1d20100,4693,48024,Total
4694,2021,2021,2021,date,0,0,650117138,Warrington,E06000007,2022 local authorities: counties,155,17,0,Total,0,Age,1000000,0,2,Male,_2,Sex,1000000,2,20100,Value,104444,A,Normal Value,F,Free (free for publication),Nm-2300d1d32336e0d650117138d0d2d20100,4694,48024,Total
4968,2021,2021,2021,date,0,0,650117139,Cumbria,E10000006,2022 local authorities: counties,155,18,0,Total,0,Age,1000000,0,0,All persons,0,Sex,1000000,0,20100,Value,499844,A,Normal Value,F,Free (free for publication),Nm-2300d1d32336e0d650117139d0d0d20100,4968,48024,Total
4969,2021,2021,2021,date,0,0,650117139,Cumbria,E10000006,2022 local authorities: counties,155,18,0,Total,0,Age,1000000,0,1,Female,_1,Sex,1000000,1,20100,Value,253706,A,Normal Value,F,Free (free for publication),Nm-2300d1d32336e0d650117139d0d1d20100,4969,48024,Total
4970,2021,2021,2021,date,0,0,650117139,Cumbria,E10000006,2022 local authorities: counties,155,18,0,Total,0,Age,1000000,0,2,Male,_2,Sex,1000000,2,20100,Value,246138,A,Normal Value,F,Free (free for publication),Nm-2300d1d32336e0d650117139d0d2d20100,4970,48024,Total
5244,2021,2021,2021,date,0,0,650117140,Bolton,E08000001,2022 local authorities: counties,155,19,0,Total,0,Age,1000000,0,0,All persons,0,Sex,1000000,0,20100,Value,295960,A,Normal Value,F,Free (free for publication),Nm-2300d1d32336e0d650117140d0d0d20100,5244,48024,Total
5245,2021,2021,2021,date,0,0,650117140,Bolton,E08000001,2022 local authorities: counties,155,19,0,Total,0,Age,1000000,0,1,Female,_1,Sex,1000000,1,20100,Value,150052,A,Normal Value,F,Free (free for publication),Nm-2300d1d32336e0d650117140d0d1d20100,5245,48024,Total
5246,2021,2021,2021,date,0,0,650117140,Bolton,E08000001,2022 local authorities: counties,155,19,0,Total,0,Age,1000000,0,2,Male,_2,Sex,1000000,2,20100,Value,145908,A,Normal Value,F,Free (free for publication),Nm-2300d1d32336e0d650117140d0d2d20100,5246,48024,Total
5520,2021,2021,2021,date,0,0,650117141,Bury,E08000002,2022 local authorities: counties,155,20,0,Total,0,Age,1000000,0,0,All persons,0,Sex,1000000,0,20100,Value,193855,A,Normal Value,F,Free (free for publication),Nm-2300d1d32336e0d650117141d0d0d20100,5520,48024,Total
5521,2021,2021,2021,date,0,0,650117141,Bury,E08000002,2022 local authorities: counties,155,20,0,Total,0,Age,1000000,0,1,Female,_1,Sex,1000000,1,20100,Value,98748,A,Normal Value,F,Free (free for publication),Nm-2300d1d32336e0d650117141d0d1d20100,5521,48024,Total
5522,2021,2021,2021,date,0,0,650117141,Bury,E08000002,2022 local authorities: counties,155,20,0,Total,0,Age,1000000,0,2,Male,_2,Sex,1000000,2,20100,Value,95107,A,Normal Value,F,Free (free for publication),Nm-2300d1d32336e0d650117141d0d2d20100,5522,48024,Total
5796,2021,2021,2021,date,0,0,650117142,Manchester,E08000003,2022 local authorities: counties,155,21,0,Total,0,Age,1000000,0,0,All persons,0,Sex,1000000,0,20100,Value,551944,A,Normal Value,F,Free (free for publication),Nm-2300d1d32336e0d650117142d0d0d20100,5796,48024,Total
5797,2021,2021,2021,date,0,0,650117142,Manchester,E08000003,2022 local authorities: counties,155,21,0,Total,0,Age,1000000,0,1,Female,_1,Sex,1000000,1,20100,Value,277882,A,Normal Value,F,Free (free for publication),Nm-2300d1d32336e0d650117142d0d1d20100,5797,48024,Total
5798,2021,2021,2021,date,0,0,650117142,Manchester,E08000003,2022 local authorities: counties,155,21,0,Total,0,Age,1000000,0,2,Male,_2,Sex,1000000,2,20100,Value,274062,A,Normal Value,F,Free (free for publication),Nm-2300d1d32336e0d650117142d0d2d20100,5798,48024,Total
6072,2021,2021,2021,date,0,0,650117143,Oldham,E08000004,2022 local authorities: counties,155,22,0,Total,0,Age,1000000,0,0,All persons,0,Sex,1000000,0,20100,Value,242094,A,Normal Value,F,Free (free for publication),Nm-2300d1d32336e0d650117143d0d0d20100,6072,48024,Total
6073,2021,2021,2021,date,0,0,650117143,Oldham,E08000004,2022 local authorities: counties,155,22,0,Total,0,Age,1000000,0,1,Female,_1,Sex,1000000,1,20100,Value,123774,A,Normal Value,F,Free (free for publication),Nm-2300d1d32336e0d650117143d0d1d20100,6073,48024,Total
6074,2021,2021,2021,date,0,0,650117143,Oldham,E08000004,2022 local authorities: counties,155,22,0,Total,0,Age,1000000,0,2,Male,_2,Sex,1000000,2,20100,Value,118320,A,Normal Value,F,Free (free for publication),Nm-2300d1d32336e0d650117143d0d2d20100,6074,48024,Total
6348,2021,2021,2021,date,0,0,650117144,Rochdale,E08000005,2022 local authorities: counties,155,23,0,Total,0,Age,1000000,0,0,All persons,0,Sex,1000000,0,20100,Value,223770,A,Normal Value,F,Free (free for publication),Nm-2300d1d32336e0d650117144d0d0d20100,6348,48024,Total
6349,2021,2021,2021,date,0,0,650117144,Rochdale,E08000005,2022 local authorities: counties,155,23,0,Total,0,Age,1000000,0,1,Female,_1,Sex,1000000,1,20100,Value,114053,A,Normal Value,F,Free (free for publication),Nm-2300d1d32336e0d650117144d0d1d20100,6349,48024,Total
6350,2021,2021,2021,date,0,0,650117144,Rochdale,E08000005,2022 local authorities: counties,155,23,0,Total,0,Age,1000000,0,2,Male,_2,Sex,1000000,2,20100,Value,109717,A,Normal Value,F,Free (free for publication),Nm-2300d1d32336e0d650117144d0d2d20100,6350,48024,Total
6624,2021,2021,2021,date,0,0,650117145,Salford,E08000006,2022 local authorities: counties,155,24,0,Total,0,Age,1000000,0,0,All persons,0,Sex,1000000,0,20100,Value,269919,A,Normal Value,F,Free (free for publication),Nm-2300d1d32336e0d650117145d0d0d20100,6624,48024,Total
6625,2021,2021,2021,date,0,0,650117145,Salford,E08000006,2022 local authorities: counties,155,24,0,Total,0,Age,1000000,0,1,Female,_1,Sex,1000000,1,20100,Value,134386,A,Normal Value,F,Free (free for publication),Nm-2300d1d32336e0d650117145d0d1d20100,6625,48024,Total
6626,2021,2021,2021,date,0,0,650117145,Salford,E08000006,2022 local authorities: counties,155,24,0,Total,0,Age,1000000,0,2,Male,_2,Sex,1000000,2,20100,Value,135533,A,Normal Value,F,Free (free for publication),Nm-2300d1d32336e0d650117145d0d2d20100,6626,48024,Total
6900,2021,2021,2021,date,0,0,650117146,Stockport,E08000007,2022 local authorities: counties,155,25,0,Total,0,Age,1000000,0,0,All persons,0,Sex,1000000,0,20100,Value,294766,A,Normal Value,F,Free (free for publication),Nm-2300d1d32336e0d650117146d0d0d20100,6900,48024,Total
6901,2021,2021,2021,date,0,0,650117146,Stockport,E08000007,2022 local authorities: counties,155,25,0,Total,0,Age,1000000,0,1,Female,_1,Sex,1000000,1,20100,Value,151375,A,Normal Value,F,Free (free for publication),Nm-2300d1d32336e0d650117146d0d1d20100,6901,48024,Total
6902,2021,2021,2021,date,0,0,650117146,Stockport,E08000007,2022 local authorities: counties,155,25,0,Total,0,Age,1000000,0,2,Male,_2,Sex,1000000,2,20100,Value,143391,A,Normal Value,F,Free (free for publication),Nm-2300d1d32336e0d650117146d0d2d20100,6902,48024,Total
7176,2021,2021,2021,date,0,0,650117147,Tameside,E08000008,2022 local authorities: counties,155,26,0,Total,0,Age,1000000,0,0,All persons,0,Sex,1000000,0,20100,Value,231075,A,Normal Value,F,Free (free for publication),Nm-2300d1d32336e0d650117147d0d0d20100,7176,48024,Total
7177,2021,2021,2021,date,0,0,650117147,Tameside,E08000008,2022 local authorities: counties,155,26,0,Total,0,Age,1000000,0,1,Female,_1,Sex,1000000,1,20100,Value,117796,A,Normal Value,F,Free (free for publication),Nm-2300d1d32336e0d650117147d0d1d20100,7177,48024,Total
7178,2021,2021,2021,date,0,0,650117147,Tameside,E08000008,2022 local authorities: counties,155,26,0,Total,0,Age,1000000,0,2,Male,_2,Sex,1000000,2,20100,Value,113279,A,Normal Value,F,Free (free for publication),Nm-2300d1d32336e0d650117147d0d2d20100,7178,48024,Total
7452,2021,2021,2021,date,0,0,650117148,Trafford,E08000009,2022 local authorities: counties,155,27,0,Total,0,Age,1000000,0,0,All persons,0,Sex,1000000,0,20100,Value,235048,A,Normal Value,F,Free (free for publication),Nm-2300d1d32336e0d650117148d0d0d20100,7452,48024,Total
7453,2021,2021,2021,date,0,0,650117148,Trafford,E08000009,2022 local authorities: counties,155,27,0,Total,0,Age,1000000,0,1,Female,_1,Sex,1000000,1,20100,Value,120644,A,Normal Value,F,Free (free for publication),Nm-2300d1d32336e0d650117148d0d1d20100,7453,48024,Total
7454,2021,2021,2021,date,0,0,650117148,Trafford,E08000009,2022 local authorities: counties,155,27,0,Total,0,Age,1000000,0,2,Male,_2,Sex,1000000,2,20100,Value,114404,A,Normal Value,F,Free (free for publication),Nm-2300d1d32336e0d650117148d0d2d20100,7454,48024,Total
7728,2021,2021,2021,date,0,0,650117149,Wigan,E08000010,2022 local authorities: counties,155,28,0,Total,0,Age,1000000,0,0,All persons,0,Sex,1000000,0,20100,Value,329321,A,Normal Value,F,Free (free for publication),Nm-2300d1d32336e0d650117149d0d0d20100,7728,48024,Total
7729,2021,2021,2021,date,0,0,650117149,Wigan,E08000010,2022 local authorities: counties,155,28,0,Total,0,Age,1000000,0,1,Female,_1,Sex,1000000,1,20100,Value,166328,A,Normal Value,F,Free (free for publication),Nm-2300d1d32336e0d650117149d0d1d20100,7729,48024,Total
7730,2021,2021,2021,date,0,0,650117149,Wigan,E08000010,2022 local authorities: counties,155,28,0,Total,0,Age,1000000,0,2,Male,_2,Sex,1000000,2,20100,Value,162993,A,Normal Value,F,Free (free for publication),Nm-2300d1d32336e0d650117149d0d2d20100,7730,48024,Total
8004,2021,2021,2021,date,0,0,650117150,Lancashire,E10000017,2022 local authorities: counties,155,29,0,Total,0,Age,1000000,0,0,All persons,0,Sex,1000000,0,20100,Value,1235356,A,Normal Value,F,Free (free for publication),Nm-2300d1d32336e0d650117150d0d0d20100,8004,48024,Total
8005,2021,2021,2021,date,0,0,650117150,Lancashire,E10000017,2022 local authorities: counties,155,29,0,Total,0,Age,1000000,0,1,Female,_1,Sex,1000000,1,20100,Value,628381,A,Normal Value,F,Free (free for publication),Nm-2300d1d32336e0d650117150d0d1d20100,8005,48024,Total
8006,2021,2021,2021,date,0,0,650117150,Lancashire,E10000017,2022 local authorities: counties,155,29,0,Total,0,Age,1000000,0,2,Male,_2,Sex,1000000,2,20100,Value,606975,A,Normal Value,F,Free (free for publication),Nm-2300d1d32336e0d650117150d0d2d20100,8006,48024,Total
8280,2021,2021,2021,date,0,0,650117151,Knowsley,E08000011,2022 local authorities: counties,155,30,0,Total,0,Age,1000000,0,0,All persons,0,Sex,1000000,0,20100,Value,154517,A,Normal Value,F,Free (free for publication),Nm-2300d1d32336e0d650117151d0d0d20100,8280,48024,Total
8281,2021,2021,2021,date,0,0,650117151,Knowsley,E08000011,2022 local authorities: counties,155,30,0,Total,0,Age,1000000,0,1,Female,_1,Sex,1000000,1,20100,Value,80666,A,Normal Value,F,Free (free for publication),Nm-2300d1d32336e0d650117151d0d1d20100,8281,48024,Total
8282,2021,2021,2021,date,0,0,650117151,Knowsley,E08000011,2022 local authorities: counties,155,30,0,Total,0,Age,1000000,0,2,Male,_2,Sex,1000000,2,20100,Value,73851,A,Normal Value,F,Free (free for publication),Nm-2300d1d32336e0d650117151d0d2d20100,8282,48024,Total
8556,2021,2021,2021,date,0,0,650117152,Liverpool,E08000012,2022 local authorities: counties,155,31,0,Total,0,Age,1000000,0,0,All persons,0,Sex,1000000,0,20100,Value,486085,A,Normal Value,F,Free (free for publication),Nm-2300d1d32336e0d650117152d0d0d20100,8556,48024,Total
8557,2021,2021,2021,date,0,0,650117152,Liverpool,E08000012,2022 local authorities: counties,155,31,0,Total,0,Age,1000000,0,1,Female,_1,Sex,1000000,1,20100,Value,249458,A,Normal Value,F,Free (free for publication),Nm-2300d1d32336e0d650117152d0d1d20100,8557,48024,Total
8558,2021,2021,2021,date,0,0,650117152,Liverpool,E08000012,2022 local authorities: counties,155,31,0,Total,0,Age,1000000,0,2,Male,_2,Sex,1000000,2,20100,Value,236627,A,Normal Value,F,Free (free for publication),Nm-2300d1d32336e0d650117152d0d2d20100,8558,48024,Total
8832,2021,2021,2021,date,0,0,650117153,Sefton,E08000014,2022 local authorities: counties,155,32,0,Total,0,Age,1000000,0,0,All persons,0,Sex,1000000,0,20100,Value,279239,A,Normal Value,F,Free (free for publication),Nm-2300d1d32336e0d650117153d0d0d20100,8832,48024,Total
8833,2021,2021,2021,date,0,0,650117153,Sefton,E08000014,2022 local authorities: counties,155,32,0,Total,0,Age,1000000,0,1,Female,_1,Sex,1000000,1,20100,Value,143996,A,Normal Value,F,Free (free for publication),Nm-2300d1d32336e0d650117153d0d1d20100,8833,48024,Total
8834,2021,2021,2021,date,0,0,650117153,Sefton,E08000014,2022 local authorities: counties,155,32,0,Total,0,Age,1000000,0,2,Male,_2,Sex,1000000,2,20100,Value,135243,A,Normal Value,F,Free (free for publication),Nm-2300d1d32336e0d650117153d0d2d20100,8834,48024,Total
9108,2021,2021,2021,date,0,0,650117154,St. Helens,E08000013,2022 local authorities: counties,155,33,0,Total,0,Age,1000000,0,0,All persons,0,Sex,1000000,0,20100,Value,183254,A,Normal Value,F,Free (free for publication),Nm-2300d1d32336e0d650117154d0d0d20100,9108,48024,Total
9109,2021,2021,2021,date,0,0,650117154,St. Helens,E08000013,2022 local authorities: counties,155,33,0,Total,0,Age,1000000,0,1,Female,_1,Sex,1000000,1,20100,Value,93338,A,Normal Value,F,Free (free for publication),Nm-2300d1d32336e0d650117154d0d1d20100,9109,48024,Total
9110,2021,2021,2021,date,0,0,650117154,St. Helens,E08000013,2022 local authorities: counties,155,33,0,Total,0,Age,1000000,0,2,Male,_2,Sex,1000000,2,20100,Value,89916,A,Normal Value,F,Free (free for publication),Nm-2300d1d32336e0d650117154d0d2d20100,9110,48024,Total
9384,2021,2021,2021,date,0,0,650117155,Wirral,E08000015,2022 local authorities: counties,155,34,0,Total,0,Age,1000000,0,0,All persons,0,Sex,1000000,0,20100,Value,320197,A,Normal Value,F,Free (free for publication),Nm-2300d1d32336e0d650117155d0d0d20100,9384,48024,Total
9385,2021,2021,2021,date,0,0,650117155,Wirral,E08000015,2022 local authorities: counties,155,34,0,Total,0,Age,1000000,0,1,Female,_1,Sex,1000000,1,20100,Value,165122,A,Normal Value,F,Free (free for publication),Nm-2300d1d32336e0d650117155d0d1d20100,9385,48024,Total
9386,2021,2021,2021,date,0,0,650117155,Wirral,E08000015,2022 local authorities: counties,155,34,0,Total,0,Age,1000000,0,2,Male,_2,Sex,1000000,2,20100,Value,155075,A,Normal Value,F,Free (free for publication),Nm-2300d1d32336e0d650117155d0d2d20100,9386,48024,Total
9660,2021,2021,2021,date,0,0,650117156,East Riding of Yorkshire,E06000011,2022 local authorities: counties,155,35,0,Total,0,Age,1000000,0,0,All persons,0,Sex,1000000,0,20100,Value,342213,A,Normal Value,F,Free (free for publication),Nm-2300d1d32336e0d650117156d0d0d20100,9660,48024,Total
9661,2021,2021,2021,date,0,0,650117156,East Riding of Yorkshire,E06000011,2022 local authorities: counties,155,35,0,Total,0,Age,1000000,0,1,Female,_1,Sex,1000000,1,20100,Value,174366,A,Normal Value,F,Free (free for publication),Nm-2300d1d32336e0d650117156d0d1d20100,9661,48024,Total
9662,2021,2021,2021,date,0,0,650117156,East Riding of Yorkshire,E06000011,2022 local authorities: counties,155,35,0,Total,0,Age,1000000,0,2,Male,_2,Sex,1000000,2,20100,Value,167847,A,Normal Value,F,Free (free for publication),Nm-2300d1d32336e0d650117156d0d2d20100,9662,48024,Total
9936,2021,2021,2021,date,0,0,650117157,"Kingston upon Hull, City of",E06000010,2022 local authorities: counties,155,36,0,Total,0,Age,1000000,0,0,All persons,0,Sex,1000000,0,20100,Value,267020,A,Normal Value,F,Free (free for publication),Nm-2300d1d32336e0d650117157d0d0d20100,9936,48024,Total
9937,2021,2021,2021,date,0,0,650117157,"Kingston upon Hull, City of",E06000010,2022 local authorities: counties,155,36,0,Total,0,Age,1000000,0,1,Female,_1,Sex,1000000,1,20100,Value,133789,A,Normal Value,F,Free (free for publication),Nm-2300d1d32336e0d650117157d0d1d20100,9937,48024,Total
9938,2021,2021,2021,date,0,0,650117157,"Kingston upon Hull, City of",E06000010,2022 local authorities: counties,155,36,0,Total,0,Age,1000000,0,2,Male,_2,Sex,1000000,2,20100,Value,133231,A,Normal Value,F,Free (free for publication),Nm-2300d1d32336e0d650117157d0d2d20100,9938,48024,Total
10212,2021,2021,2021,date,0,0,650117158,North East Lincolnshire,E06000012,2022 local authorities: counties,155,37,0,Total,0,Age,1000000,0,0,All persons,0,Sex,1000000,0,20100,Value,156972,A,Normal Value,F,Free (free for publication),Nm-2300d1d32336e0d650117158d0d0d20100,10212,48024,Total
10213,2021,2021,2021,date,0,0,650117158,North East Lincolnshire,E06000012,2022 local authorities: counties,155,37,0,Total,0,Age,1000000,0,1,Female,_1,Sex,1000000,1,20100,Value,80156,A,Normal Value,F,Free (free for publication),Nm-2300d1d32336e0d650117158d0d1d20100,10213,48024,Total
10214,2021,2021,2021,date,0,0,650117158,North East Lincolnshire,E06000012,2022 local authorities: counties,155,37,0,Total,0,Age,1000000,0,2,Male,_2,Sex,1000000,2,20100,Value,76816,A,Normal Value,F,Free (free for publication),Nm-2300d1d32336e0d650117158d0d2d20100,10214,48024,Total
10488,2021,2021,2021,date,0,0,650117159,North Lincolnshire,E06000013,2022 local authorities: counties,155,38,0,Total,0,Age,1000000,0,0,All persons,0,Sex,1000000,0,20100,Value,169675,A,Normal Value,F,Free (free for publication),Nm-2300d1d32336e0d650117159d0d0d20100,10488,48024,Total
10489,2021,2021,2021,date,0,0,650117159,North Lincolnshire,E06000013,2022 local authorities: counties,155,38,0,Total,0,Age,1000000,0,1,Female,_1,Sex,1000000,1,20100,Value,85970,A,Normal Value,F,Free (free for publication),Nm-2300d1d32336e0d650117159d0d1d20100,10489,48024,Total
10490,2021,2021,2021,date,0,0,650117159,North Lincolnshire,E06000013,2022 local authorities: counties,155,38,0,Total,0,Age,1000000,0,2,Male,_2,Sex,1000000,2,20100,Value,83705,A,Normal Value,F,Free (free for publication),Nm-2300d1d32336e0d650117159d0d2d20100,10490,48024,Total
10764,2021,2021,2021,date,0,0,650117160,York,E06000014,2022 local authorities: counties,155,39,0,Total,0,Age,1000000,0,0,All persons,0,Sex,1000000,0,20100,Value,202808,A,Normal Value,F,Free (free for publication),Nm-2300d1d32336e0d650117160d0d0d20100,10764,48024,Total
10765,2021,2021,2021,date,0,0,650117160,York,E06000014,2022 local authorities: counties,155,39,0,Total,0,Age,1000000,0,1,Female,_1,Sex,1000000,1,20100,Value,105295,A,Normal Value,F,Free (free for publication),Nm-2300d1d32336e0d650117160d0d1d20100,10765,48024,Total
10766,2021,2021,2021,date,0,0,650117160,York,E06000014,2022 local authorities: counties,155,39,0,Total,0,Age,1000000,0,2,Male,_2,Sex,1000000,2,20100,Value,97513,A,Normal Value,F,Free (free for publication),Nm-2300d1d32336e0d650117160d0d2d20100,10766,48024,Total
11040,2021,2021,2021,date,0,0,650117161,North Yorkshire,E10000023,2022 local authorities: counties,155,40,0,Total,0,Age,1000000,0,0,All persons,0,Sex,1000000,0,20100,Value,615481,A,Normal Value,F,Free (free for publication),Nm-2300d1d32336e0d650117161d0d0d20100,11040,48024,Total
11041,2021,2021,2021,date,0,0,650117161,North Yorkshire,E10000023,2022 local authorities: counties,155,40,0,Total,0,Age,1000000,0,1,Female,_1,Sex,1000000,1,20100,Value,313805,A,Normal Value,F,Free (free for publication),Nm-2300d1d32336e0d650117161d0d1d20100,11041,48024,Total
11042,2021,2021,2021,date,0,0,650117161,North Yorkshire,E10000023,2022 local authorities: counties,155,40,0,Total,0,Age,1000000,0,2,Male,_2,Sex,1000000,2,20100,Value,301676,A,Normal Value,F,Free (free for publication),Nm-2300d1d32336e0d650117161d0d2d20100,11042,48024,Total
11316,2021,2021,2021,date,0,0,650117162,Barnsley,E08000016,2022 local authorities: counties,155,41,0,Total,0,Age,1000000,0,0,All persons,0,Sex,1000000,0,20100,Value,244567,A,Normal Value,F,Free (free for publication),Nm-2300d1d32336e0d650117162d0d0d20100,11316,48024,Total
11317,2021,2021,2021,date,0,0,650117162,Barnsley,E08000016,2022 local authorities: counties,155,41,0,Total,0,Age,1000000,0,1,Female,_1,Sex,1000000,1,20100,Value,124291,A,Normal Value,F,Free (free for publication),Nm-2300d1d32336e0d650117162d0d1d20100,11317,48024,Total
11318,2021,2021,2021,date,0,0,650117162,Barnsley,E08000016,2022 local authorities: counties,155,41,0,Total,0,Age,1000000,0,2,Male,_2,Sex,1000000,2,20100,Value,120276,A,Normal Value,F,Free (free for publication),Nm-2300d1d32336e0d650117162d0d2d20100,11318,48024,Total
11592,2021,2021,2021,date,0,0,650117163,Doncaster,E08000017,2022 local authorities: counties,155,42,0,Total,0,Age,1000000,0,0,All persons,0,Sex,1000000,0,20100,Value,308105,A,Normal Value,F,Free (free for publication),Nm-2300d1d32336e0d650117163d0d0d20100,11592,48024,Total
11593,2021,2021,2021,date,0,0,650117163,Doncaster,E08000017,2022 local authorities: counties,155,42,0,Total,0,Age,1000000,0,1,Female,_1,Sex,1000000,1,20100,Value,155277,A,Normal Value,F,Free (free for publication),Nm-2300d1d32336e0d650117163d0d1d20100,11593,48024,Total
11594,2021,2021,2021,date,0,0,650117163,Doncaster,E08000017,2022 local authorities: counties,155,42,0,Total,0,Age,1000000,0,2,Male,_2,Sex,1000000,2,20100,Value,152828,A,Normal Value,F,Free (free for publication),Nm-2300d1d32336e0d650117163d0d2d20100,11594,48024,Total
11868,2021,2021,2021,date,0,0,650117164,Rotherham,E08000018,2022 local authorities: counties,155,43,0,Total,0,Age,1000000,0,0,All persons,0,Sex,1000000,0,20100,Value,265811,A,Normal Value,F,Free (free for publication),Nm-2300d1d32336e0d650117164d0d0d20100,11868,48024,Total
11869,2021,2021,2021,date,0,0,650117164,Rotherham,E08000018,2022 local authorities: counties,155,43,0,Total,0,Age,1000000,0,1,Female,_1,Sex,1000000,1,20100,Value,135547,A,Normal Value,F,Free (free for publication),Nm-2300d1d32336e0d650117164d0d1d20100,11869,48024,Total
11870,2021,2021,2021,date,0,0,650117164,Rotherham,E08000018,2022 local authorities: counties,155,43,0,Total,0,Age,1000000,0,2,Male,_2,Sex,1000000,2,20100,Value,130264,A,Normal Value,F,Free (free for publication),Nm-2300d1d32336e0d650117164d0d2d20100,11870,48024,Total
12144,2021,2021,2021,date,0,0,650117165,Sheffield,E08000019,2022 local authorities: counties,155,44,0,Total,0,Age,1000000,0,0,All persons,0,Sex,1000000,0,20100,Value,556532,A,Normal Value,F,Free (free for publication),Nm-2300d1d32336e0d650117165d0d0d20100,12144,48024,Total
12145,2021,2021,2021,date,0,0,650117165,Sheffield,E08000019,2022 local authorities: counties,155,44,0,Total,0,Age,1000000,0,1,Female,_1,Sex,1000000,1,20100,Value,282332,A,Normal Value,F,Free (free for publication),Nm-2300d1d32336e0d650117165d0d1d20100,12145,48024,Total
12146,2021,2021,2021,date,0,0,650117165,Sheffield,E08000019,2022 local authorities: counties,155,44,0,Total,0,Age,1000000,0,2,Male,_2,Sex,1000000,2,20100,Value,274200,A,Normal Value,F,Free (free for publication),Nm-2300d1d32336e0d650117165d0d2d20100,12146,48024,Total
12420,2021,2021,2021,date,0,0,650117166,Bradford,E08000032,2022 local authorities: counties,155,45,0,Total,0,Age,1000000,0,0,All persons,0,Sex,1000000,0,20100,Value,546414,A,Normal Value,F,Free (free for publication),Nm-2300d1d32336e0d650117166d0d0d20100,12420,48024,Total
12421,2021,2021,2021,date,0,0,650117166,Bradford,E08000032,2022 local authorities: counties,155,45,0,Total,0,Age,1000000,0,1,Female,_1,Sex,1000000,1,20100,Value,278967,A,Normal Value,F,Free (free for publication),Nm-2300d1d32336e0d650117166d0d1d20100,12421,48024,Total
12422,2021,2021,2021,date,0,0,650117166,Bradford,E08000032,2022 local authorities: counties,155,45,0,Total,0,Age,1000000,0,2,Male,_2,Sex,1000000,2,20100,Value,267447,A,Normal Value,F,Free (free for publication),Nm-2300d1d32336e0d650117166d0d2d20100,12422,48024,Total
12696,2021,2021,2021,date,0,0,650117167,Calderdale,E08000033,2022 local authorities: counties,155,46,0,Total,0,Age,1000000,0,0,All persons,0,Sex,1000000,0,20100,Value,206634,A,Normal Value,F,Free (free for publication),Nm-2300d1d32336e0d650117167d0d0d20100,12696,48024,Total
12697,2021,2021,2021,date,0,0,650117167,Calderdale,E08000033,2022 local authorities: counties,155,46,0,Total,0,Age,1000000,0,1,Female,_1,Sex,1000000,1,20100,Value,105902,A,Normal Value,F,Free (free for publication),Nm-2300d1d32336e0d650117167d0d1d20100,12697,48024,Total
12698,2021,2021,2021,date,0,0,650117167,Calderdale,E08000033,2022 local authorities: counties,155,46,0,Total,0,Age,1000000,0,2,Male,_2,Sex,1000000,2,20100,Value,100732,A,Normal Value,F,Free (free for publication),Nm-2300d1d32336e0d650117167d0d2d20100,12698,48024,Total
12972,2021,2021,2021,date,0,0,650117168,Kirklees,E08000034,2022 local authorities: counties,155,47,0,Total,0,Age,1000000,0,0,All persons,0,Sex,1000000,0,20100,Value,433220,A,Normal Value,F,Free (free for publication),Nm-2300d1d32336e0d650117168d0d0d20100,12972,48024,Total
12973,2021,2021,2021,date,0,0,650117168,Kirklees,E08000034,2022 local authorities: counties,155,47,0,Total,0,Age,1000000,0,1,Female,_1,Sex,1000000,1,20100,Value,220874,A,Normal Value,F,Free (free for publication),Nm-2300d1d32336e0d650117168d0d1d20100,12973,48024,Total
12974,2021,2021,2021,date,0,0,650117168,Kirklees,E08000034,2022 local authorities: counties,155,47,0,Total,0,Age,1000000,0,2,Male,_2,Sex,1000000,2,20100,Value,212346,A,Normal Value,F,Free (free for publication),Nm-2300d1d32336e0d650117168d0d2d20100,12974,48024,Total
13248,2021,2021,2021,date,0,0,650117169,Leeds,E08000035,2022 local authorities: counties,155,48,0,Total,0,Age,1000000,0,0,All persons,0,Sex,1000000,0,20100,Value,811951,A,Normal Value,F,Free (free for publication),Nm-2300d1d32336e0d650117169d0d0d20100,13248,48024,Total
13249,2021,2021,2021,date,0,0,650117169,Leeds,E08000035,2022 local authorities: counties,155,48,0,Total,0,Age,1000000,0,1,Female,_1,Sex,1000000,1,20100,Value,415576,A,Normal Value,F,Free (free for publication),Nm-2300d1d32336e0d650117169d0d1d20100,13249,48024,Total
13250,2021,2021,2021,date,0,0,650117169,Leeds,E08000035,2022 local authorities: counties,155,48,0,Total,0,Age,1000000,0,2,Male,_2,Sex,1000000,2,20100,Value,396375,A,Normal Value,F,Free (free for publication),Nm-2300d1d32336e0d650117169d0d2d20100,13250,48024,Total
13524,2021,2021,2021,date,0,0,650117170,Wakefield,E08000036,2022 local authorities: counties,155,49,0,Total,0,Age,1000000,0,0,All persons,0,Sex,1000000,0,20100,Value,353360,A,Normal Value,F,Free (free for publication),Nm-2300d1d32336e0d650117170d0d0d20100,13524,48024,Total
13525,2021,2021,2021,date,0,0,650117170,Wakefield,E08000036,2022 local authorities: counties,155,49,0,Total,0,Age,1000000,0,1,Female,_1,Sex,1000000,1,20100,Value,179529,A,Normal Value,F,Free (free for publication),Nm-2300d1d32336e0d650117170d0d1d20100,13525,48024,Total
13526,2021,2021,2021,date,0,0,650117170,Wakefield,E08000036,2022 local authorities: counties,155,49,0,Total,0,Age,1000000,0,2,Male,_2,Sex,1000000,2,20100,Value,173831,A,Normal Value,F,Free (free for publication),Nm-2300d1d32336e0d650117170d0d2d20100,13526,48024,Total
13800,2021,2021,2021,date,0,0,650117171,Derby,E06000015,2022 local authorities: counties,155,50,0,Total,0,Age,1000000,0,0,All persons,0,Sex,1000000,0,20100,Value,261368,A,Normal Value,F,Free (free for publication),Nm-2300d1d32336e0d650117171d0d0d20100,13800,48024,Total
13801,2021,2021,2021,date,0,0,650117171,Derby,E06000015,2022 local authorities: counties,155,50,0,Total,0,Age,1000000,0,1,Female,_1,Sex,1000000,1,20100,Value,131858,A,Normal Value,F,Free (free for publication),Nm-2300d1d32336e0d650117171d0d1d20100,13801,48024,Total
13802,2021,2021,2021,date,0,0,650117171,Derby,E06000015,2022 local authorities: counties,155,50,0,Total,0,Age,1000000,0,2,Male,_2,Sex,1000000,2,20100,Value,129510,A,Normal Value,F,Free (free for publication),Nm-2300d1d32336e0d650117171d0d2d20100,13802,48024,Total
14076,2021,2021,2021,date,0,0,650117172,Leicester,E06000016,2022 local authorities: counties,155,51,0,Total,0,Age,1000000,0,0,All persons,0,Sex,1000000,0,20100,Value,368581,A,Normal Value,F,Free (free for publication),Nm-2300d1d32336e0d650117172d0d0d20100,14076,48024,Total
14077,2021,2021,2021,date,0,0,650117172,Leicester,E06000016,2022 local authorities: counties,155,51,0,Total,0,Age,1000000,0,1,Female,_1,Sex,1000000,1,20100,Value,186466,A,Normal Value,F,Free (free for publication),Nm-2300d1d32336e0d650117172d0d1d20100,14077,48024,Total
14078,2021,2021,2021,date,0,0,650117172,Leicester,E06000016,2022 local authorities: counties,155,51,0,Total,0,Age,1000000,0,2,Male,_2,Sex,1000000,2,20100,Value,182115,A,Normal Value,F,Free (free for publication),Nm-2300d1d32336e0d650117172d0d2d20100,14078,48024,Total
14352,2021,2021,2021,date,0,0,650117173,Nottingham,E06000018,2022 local authorities: counties,155,52,0,Total,0,Age,1000000,0,0,All persons,0,Sex,1000000,0,20100,Value,323632,A,Normal Value,F,Free (free for publication),Nm-2300d1d32336e0d650117173d0d0d20100,14352,48024,Total
14353,2021,2021,2021,date,0,0,650117173,Nottingham,E06000018,2022 local authorities: counties,155,52,0,Total,0,Age,1000000,0,1,Female,_1,Sex,1000000,1,20100,Value,164627,A,Normal Value,F,Free (free for publication),Nm-2300d1d32336e0d650117173d0d1d20100,14353,48024,Total
14354,2021,2021,2021,date,0,0,650117173,Nottingham,E06000018,2022 local authorities: counties,155,52,0,Total,0,Age,1000000,0,2,Male,_2,Sex,1000000,2,20100,Value,159005,A,Normal Value,F,Free (free for publication),Nm-2300d1d32336e0d650117173d0d2d20100,14354,48024,Total
14628,2021,2021,2021,date,0,0,650117174,Rutland,E06000017,2022 local authorities: counties,155,53,0,Total,0,Age,1000000,0,0,All persons,0,Sex,1000000,0,20100,Value,41051,A,Normal Value,F,Free (free for publication),Nm-2300d1d32336e0d650117174d0d0d20100,14628,48024,Total
14629,2021,2021,2021,date,0,0,650117174,Rutland,E06000017,2022 local authorities: counties,155,53,0,Total,0,Age,1000000,0,1,Female,_1,Sex,1000000,1,20100,Value,19979,A,Normal Value,F,Free (free for publication),Nm-2300d1d32336e0d650117174d0d1d20100,14629,48024,Total
14630,2021,2021,2021,date,0,0,650117174,Rutland,E06000017,2022 local authorities: counties,155,53,0,Total,0,Age,1000000,0,2,Male,_2,Sex,1000000,2,20100,Value,21072,A,Normal Value,F,Free (free for publication),Nm-2300d1d32336e0d650117174d0d2d20100,14630,48024,Total
14904,2021,2021,2021,date,0,0,650117175,Derbyshire,E10000007,2022 local authorities: counties,155,54,0,Total,0,Age,1000000,0,0,All persons,0,Sex,1000000,0,20100,Value,794641,A,Normal Value,F,Free (free for publication),Nm-2300d1d32336e0d650117175d0d0d20100,14904,48024,Total
14905,2021,2021,2021,date,0,0,650117175,Derbyshire,E10000007,2022 local authorities: counties,155,54,0,Total,0,Age,1000000,0,1,Female,_1,Sex,1000000,1,20100,Value,404853,A,Normal Value,F,Free (free for publication),Nm-2300d1d32336e0d650117175d0d1d20100,14905,48024,Total
14906,2021,2021,2021,date,0,0,650117175,Derbyshire,E10000007,2022 local authorities: counties,155,54,0,Total,0,Age,1000000,0,2,Male,_2,Sex,1000000,2,20100,Value,389788,A,Normal Value,F,Free (free for publication),Nm-2300d1d32336e0d650117175d0d2d20100,14906,48024,Total
15180,2021,2021,2021,date,0,0,650117176,Leicestershire,E10000018,2022 local authorities: counties,155,55,0,Total,0,Age,1000000,0,0,All persons,0,Sex,1000000,0,20100,Value,712370,A,Normal Value,F,Free (free for publication),Nm-2300d1d32336e0d650117176d0d0d20100,15180,48024,Total
15181,2021,2021,2021,date,0,0,650117176,Leicestershire,E10000018,2022 local authorities: counties,155,55,0,Total,0,Age,1000000,0,1,Female,_1,Sex,1000000,1,20100,Value,360614,A,Normal Value,F,Free (free for publication),Nm-2300d1d32336e0d650117176d0d1d20100,15181,48024,Total
15182,2021,2021,2021,date,0,0,650117176,Leicestershire,E10000018,2022 local authorities: counties,155,55,0,Total,0,Age,1000000,0,2,Male,_2,Sex,1000000,2,20100,Value,351756,A,Normal Value,F,Free (free for publication),Nm-2300d1d32336e0d650117176d0d2d20100,15182,48024,Total
15456,2021,2021,2021,date,0,0,650117177,Lincolnshire,E10000019,2022 local authorities: counties,155,56,0,Total,0,Age,1000000,0,0,All persons,0,Sex,1000000,0,20100,Value,768369,A,Normal Value,F,Free (free for publication),Nm-2300d1d32336e0d650117177d0d0d20100,15456,48024,Total
15457,2021,2021,2021,date,0,0,650117177,Lincolnshire,E10000019,2022 local authorities: counties,155,56,0,Total,0,Age,1000000,0,1,Female,_1,Sex,1000000,1,20100,Value,391939,A,Normal Value,F,Free (free for publication),Nm-2300d1d32336e0d650117177d0d1d20100,15457,48024,Total
15458,2021,2021,2021,date,0,0,650117177,Lincolnshire,E10000019,2022 local authorities: counties,155,56,0,Total,0,Age,1000000,0,2,Male,_2,Sex,1000000,2,20100,Value,376430,A,Normal Value,F,Free (free for publication),Nm-2300d1d32336e0d650117177d0d2d20100,15458,48024,Total
15732,2021,2021,2021,date,0,0,650117178,Nottinghamshire,E10000024,2022 local authorities: counties,155,57,0,Total,0,Age,1000000,0,0,All persons,0,Sex,1000000,0,20100,Value,824822,A,Normal Value,F,Free (free for publication),Nm-2300d1d32336e0d650117178d0d0d20100,15732,48024,Total
15733,2021,2021,2021,date,0,0,650117178,Nottinghamshire,E10000024,2022 local authorities: counties,155,57,0,Total,0,Age,1000000,0,1,Female,_1,Sex,1000000,1,20100,Value,420029,A,Normal Value,F,Free (free for publication),Nm-2300d1d32336e0d650117178d0d1d20100,15733,48024,Total
15734,2021,2021,2021,date,0,0,650117178,Nottinghamshire,E10000024,2022 local authorities: counties,155,57,0,Total,0,Age,1000000,0,2,Male,_2,Sex,1000000,2,20100,Value,404793,A,Normal Value,F,Free (free for publication),Nm-2300d1d32336e0d650117178d0d2d20100,15734,48024,Total
16008,2021,2021,2021,date,0,0,650117179,North Northamptonshire,E06000061,2022 local authorities: counties,155,58,0,Total,0,Age,1000000,0,0,All persons,0,Sex,1000000,0,20100,Value,359515,A,Normal Value,F,Free (free for publication),Nm-2300d1d32336e0d650117179d0d0d20100,16008,48024,Total
16009,2021,2021,2021,date,0,0,650117179,North Northamptonshire,E06000061,2022 local authorities: counties,155,58,0,Total,0,Age,1000000,0,1,Female,_1,Sex,1000000,1,20100,Value,182449,A,Normal Value,F,Free (free for publication),Nm-2300d1d32336e0d650117179d0d1d20100,16009,48024,Total
16010,2021,2021,2021,date,0,0,650117179,North Northamptonshire,E06000061,2022 local authorities: counties,155,58,0,Total,0,Age,1000000,0,2,Male,_2,Sex,1000000,2,20100,Value,177066,A,Normal Value,F,Free (free for publication),Nm-2300d1d32336e0d650117179d0d2d20100,16010,48024,Total
16284,2021,2021,2021,date,0,0,650117180,West Northamptonshire,E06000062,2022 local authorities: counties,155,59,0,Total,0,Age,1000000,0,0,All persons,0,Sex,1000000,0,20100,Value,425726,A,Normal Value,F,Free (free for publication),Nm-2300d1d32336e0d650117180d0d0d20100,16284,48024,Total
16285,2021,2021,2021,date,0,0,650117180,West Northamptonshire,E06000062,2022 local authorities: counties,155,59,0,Total,0,Age,1000000,0,1,Female,_1,Sex,1000000,1,20100,Value,215059,A,Normal Value,F,Free (free for publication),Nm-2300d1d32336e0d650117180d0d1d20100,16285,48024,Total
16286,2021,2021,2021,date,0,0,650117180,West Northamptonshire,E06000062,2022 local authorities: counties,155,59,0,Total,0,Age,1000000,0,2,Male,_2,Sex,1000000,2,20100,Value,210667,A,Normal Value,F,Free (free for publication),Nm-2300d1d32336e0d650117180d0d2d20100,16286,48024,Total
16560,2021,2021,2021,date,0,0,650117181,"Herefordshire, County of",E06000019,2022 local authorities: counties,155,60,0,Total,0,Age,1000000,0,0,All persons,0,Sex,1000000,0,20100,Value,187025,A,Normal Value,F,Free (free for publication),Nm-2300d1d32336e0d650117181d0d0d20100,16560,48024,Total
16561,2021,2021,2021,date,0,0,650117181,"Herefordshire, County of",E06000019,2022 local authorities: counties,155,60,0,Total,0,Age,1000000,0,1,Female,_1,Sex,1000000,1,20100,Value,95177,A,Normal Value,F,Free (free for publication),Nm-2300d1d32336e0d650117181d0d1d20100,16561,48024,Total
16562,2021,2021,2021,date,0,0,650117181,"Herefordshire, County of",E06000019,2022 local authorities: counties,155,60,0,Total,0,Age,1000000,0,2,Male,_2,Sex,1000000,2,20100,Value,91848,A,Normal Value,F,Free (free for publication),Nm-2300d1d32336e0d650117181d0d2d20100,16562,48024,Total
16836,2021,2021,2021,date,0,0,650117182,Shropshire,E06000051,2022 local authorities: counties,155,61,0,Total,0,Age,1000000,0,0,All persons,0,Sex,1000000,0,20100,Value,323619,A,Normal Value,F,Free (free for publication),Nm-2300d1d32336e0d650117182d0d0d20100,16836,48024,Total
16837,2021,2021,2021,date,0,0,650117182,Shropshire,E06000051,2022 local authorities: counties,155,61,0,Total,0,Age,1000000,0,1,Female,_1,Sex,1000000,1,20100,Value,163927,A,Normal Value,F,Free (free for publication),Nm-2300d1d32336e0d650117182d0d1d20100,16837,48024,Total
16838,2021,2021,2021,date,0,0,650117182,Shropshire,E06000051,2022 local authorities: counties,155,61,0,Total,0,Age,1000000,0,2,Male,_2,Sex,1000000,2,20100,Value,159692,A,Normal Value,F,Free (free for publication),Nm-2300d1d32336e0d650117182d0d2d20100,16838,48024,Total
17112,2021,2021,2021,date,0,0,650117183,Stoke-on-Trent,E06000021,2022 local authorities: counties,155,62,0,Total,0,Age,1000000,0,0,All persons,0,Sex,1000000,0,20100,Value,258363,A,Normal Value,F,Free (free for publication),Nm-2300d1d32336e0d650117183d0d0d20100,17112,48024,Total
17113,2021,2021,2021,date,0,0,650117183,Stoke-on-Trent,E06000021,2022 local authorities: counties,155,62,0,Total,0,Age,1000000,0,1,Female,_1,Sex,1000000,1,20100,Value,129894,A,Normal Value,F,Free (free for publication),Nm-2300d1d32336e0d650117183d0d1d20100,17113,48024,Total
17114,2021,2021,2021,date,0,0,650117183,Stoke-on-Trent,E06000021,2022 local authorities: counties,155,62,0,Total,0,Age,1000000,0,2,Male,_2,Sex,1000000,2,20100,Value,128469,A,Normal Value,F,Free (free for publication),Nm-2300d1d32336e0d650117183d0d2d20100,17114,48024,Total
17388,2021,2021,2021,date,0,0,650117184,Telford and Wrekin,E06000020,2022 local authorities: counties,155,63,0,Total,0,Age,1000000,0,0,All persons,0,Sex,1000000,0,20100,Value,185542,A,Normal Value,F,Free (free for publication),Nm-2300d1d32336e0d650117184d0d0d20100,17388,48024,Total
17389,2021,2021,2021,date,0,0,650117184,Telford and Wrekin,E06000020,2022 local authorities: counties,155,63,0,Total,0,Age,1000000,0,1,Female,_1,Sex,1000000,1,20100,Value,94206,A,Normal Value,F,Free (free for publication),Nm-2300d1d32336e0d650117184d0d1d20100,17389,48024,Total
17390,2021,2021,2021,date,0,0,650117184,Telford and Wrekin,E06000020,2022 local authorities: counties,155,63,0,Total,0,Age,1000000,0,2,Male,_2,Sex,1000000,2,20100,Value,91336,A,Normal Value,F,Free (free for publication),Nm-2300d1d32336e0d650117184d0d2d20100,17390,48024,Total
17664,2021,2021,2021,date,0,0,650117185,Staffordshire,E10000028,2022 local authorities: counties,155,64,0,Total,0,Age,1000000,0,0,All persons,0,Sex,1000000,0,20100,Value,876109,A,Normal Value,F,Free (free for publication),Nm-2300d1d32336e0d650117185d0d0d20100,17664,48024,Total
17665,2021,2021,2021,date,0,0,650117185,Staffordshire,E10000028,2022 local authorities: counties,155,64,0,Total,0,Age,1000000,0,1,Female,_1,Sex,1000000,1,20100,Value,442699,A,Normal Value,F,Free (free for publication),Nm-2300d1d32336e0d650117185d0d1d20100,17665,48024,Total
17666,2021,2021,2021,date,0,0,650117185,Staffordshire,E10000028,2022 local authorities: counties,155,64,0,Total,0,Age,1000000,0,2,Male,_2,Sex,1000000,2,20100,Value,433410,A,Normal Value,F,Free (free for publication),Nm-2300d1d32336e0d650117185d0d2d20100,17666,48024,Total
17940,2021,2021,2021,date,0,0,650117186,Warwickshire,E10000031,2022 local authorities: counties,155,65,0,Total,0,Age,1000000,0,0,All persons,0,Sex,1000000,0,20100,Value,596778,A,Normal Value,F,Free (free for publication),Nm-2300d1d32336e0d650117186d0d0d20100,17940,48024,Total
17941,2021,2021,2021,date,0,0,650117186,Warwickshire,E10000031,2022 local authorities: counties,155,65,0,Total,0,Age,1000000,0,1,Female,_1,Sex,1000000,1,20100,Value,302784,A,Normal Value,F,Free (free for publication),Nm-2300d1d32336e0d650117186d0d1d20100,17941,48024,Total
17942,2021,2021,2021,date,0,0,650117186,Warwickshire,E10000031,2022 local authorities: counties,155,65,0,Total,0,Age,1000000,0,2,Male,_2,Sex,1000000,2,20100,Value,293994,A,Normal Value,F,Free (free for publication),Nm-2300d1d32336e0d650117186d0d2d20100,17942,48024,Total
18216,2021,2021,2021,date,0,0,650117187,Birmingham,E08000025,2022 local authorities: counties,155,66,0,Total,0,Age,1000000,0,0,All persons,0,Sex,1000000,0,20100,Value,1144923,A,Normal Value,F,Free (free for publication),Nm-2300d1d32336e0d650117187d0d0d20100,18216,48024,Total
18217,2021,2021,2021,date,0,0,650117187,Birmingham,E08000025,2022 local authorities: counties,155,66,0,Total,0,Age,1000000,0,1,Female,_1,Sex,1000000,1,20100,Value,584501,A,Normal Value,F,Free (free for publication),Nm-2300d1d32336e0d650117187d0d1d20100,18217,48024,Total
18218,2021,2021,2021,date,0,0,650117187,Birmingham,E08000025,2022 local authorities: counties,155,66,0,Total,0,Age,1000000,0,2,Male,_2,Sex,1000000,2,20100,Value,560422,A,Normal Value,F,Free (free for publication),Nm-2300d1d32336e0d650117187d0d2d20100,18218,48024,Total
18492,2021,2021,2021,date,0,0,650117188,Coventry,E08000026,2022 local authorities: counties,155,67,0,Total,0,Age,1000000,0,0,All persons,0,Sex,1000000,0,20100,Value,345315,A,Normal Value,F,Free (free for publication),Nm-2300d1d32336e0d650117188d0d0d20100,18492,48024,Total
18493,2021,2021,2021,date,0,0,650117188,Coventry,E08000026,2022 local authorities: counties,155,67,0,Total,0,Age,1000000,0,1,Female,_1,Sex,1000000,1,20100,Value,173133,A,Normal Value,F,Free (free for publication),Nm-2300d1d32336e0d650117188d0d1d20100,18493,48024,Total
18494,2021,2021,2021,date,0,0,650117188,Coventry,E08000026,2022 local authorities: counties,155,67,0,Total,0,Age,1000000,0,2,Male,_2,Sex,1000000,2,20100,Value,172182,A,Normal Value,F,Free (free for publication),Nm-2300d1d32336e0d650117188d0d2d20100,18494,48024,Total
18768,2021,2021,2021,date,0,0,650117189,Dudley,E08000027,2022 local authorities: counties,155,68,0,Total,0,Age,1000000,0,0,All persons,0,Sex,1000000,0,20100,Value,323487,A,Normal Value,F,Free (free for publication),Nm-2300d1d32336e0d650117189d0d0d20100,18768,48024,Total
18769,2021,2021,2021,date,0,0,650117189,Dudley,E08000027,2022 local authorities: counties,155,68,0,Total,0,Age,1000000,0,1,Female,_1,Sex,1000000,1,20100,Value,164474,A,Normal Value,F,Free (free for publication),Nm-2300d1d32336e0d650117189d0d1d20100,18769,48024,Total
18770,2021,2021,2021,date,0,0,650117189,Dudley,E08000027,2022 local authorities: counties,155,68,0,Total,0,Age,1000000,0,2,Male,_2,Sex,1000000,2,20100,Value,159013,A,Normal Value,F,Free (free for publication),Nm-2300d1d32336e0d650117189d0d2d20100,18770,48024,Total
19044,2021,2021,2021,date,0,0,650117190,Sandwell,E08000028,2022 local authorities: counties,155,69,0,Total,0,Age,1000000,0,0,All persons,0,Sex,1000000,0,20100,Value,341833,A,Normal Value,F,Free (free for publication),Nm-2300d1d32336e0d650117190d0d0d20100,19044,48024,Total
19045,2021,2021,2021,date,0,0,650117190,Sandwell,E08000028,2022 local authorities: counties,155,69,0,Total,0,Age,1000000,0,1,Female,_1,Sex,1000000,1,20100,Value,173574,A,Normal Value,F,Free (free for publication),Nm-2300d1d32336e0d650117190d0d1d20100,19045,48024,Total
19046,2021,2021,2021,date,0,0,650117190,Sandwell,E08000028,2022 local authorities: counties,155,69,0,Total,0,Age,1000000,0,2,Male,_2,Sex,1000000,2,20100,Value,168259,A,Normal Value,F,Free (free for publication),Nm-2300d1d32336e0d650117190d0d2d20100,19046,48024,Total
19320,2021,2021,2021,date,0,0,650117191,Solihull,E08000029,2022 local authorities: counties,155,70,0,Total,0,Age,1000000,0,0,All persons,0,Sex,1000000,0,20100,Value,216245,A,Normal Value,F,Free (free for publication),Nm-2300d1d32336e0d650117191d0d0d20100,19320,48024,Total
19321,2021,2021,2021,date,0,0,650117191,Solihull,E08000029,2022 local authorities: counties,155,70,0,Total,0,Age,1000000,0,1,Female,_1,Sex,1000000,1,20100,Value,111279,A,Normal Value,F,Free (free for publication),Nm-2300d1d32336e0d650117191d0d1d20100,19321,48024,Total
19322,2021,2021,2021,date,0,0,650117191,Solihull,E08000029,2022 local authorities: counties,155,70,0,Total,0,Age,1000000,0,2,Male,_2,Sex,1000000,2,20100,Value,104966,A,Normal Value,F,Free (free for publication),Nm-2300d1d32336e0d650117191d0d2d20100,19322,48024,Total
19596,2021,2021,2021,date,0,0,650117192,Walsall,E08000030,2022 local authorities: counties,155,71,0,Total,0,Age,1000000,0,0,All persons,0,Sex,1000000,0,20100,Value,284122,A,Normal Value,F,Free (free for publication),Nm-2300d1d32336e0d650117192d0d0d20100,19596,48024,Total
19597,2021,2021,2021,date,0,0,650117192,Walsall,E08000030,2022 local authorities: counties,155,71,0,Total,0,Age,1000000,0,1,Female,_1,Sex,1000000,1,20100,Value,145464,A,Normal Value,F,Free (free for publication),Nm-2300d1d32336e0d650117192d0d1d20100,19597,48024,Total
19598,2021,2021,2021,date,0,0,650117192,Walsall,E08000030,2022 local authorities: counties,155,71,0,Total,0,Age,1000000,0,2,Male,_2,Sex,1000000,2,20100,Value,138658,A,Normal Value,F,Free (free for publication),Nm-2300d1d32336e0d650117192d0d2d20100,19598,48024,Total
19872,2021,2021,2021,date,0,0,650117193,Wolverhampton,E08000031,2022 local authorities: counties,155,72,0,Total,0,Age,1000000,0,0,All persons,0,Sex,1000000,0,20100,Value,263725,A,Normal Value,F,Free (free for publication),Nm-2300d1d32336e0d650117193d0d0d20100,19872,48024,Total
19873,2021,2021,2021,date,0,0,650117193,Wolverhampton,E08000031,2022 local authorities: counties,155,72,0,Total,0,Age,1000000,0,1,Female,_1,Sex,1000000,1,20100,Value,134173,A,Normal Value,F,Free (free for publication),Nm-2300d1d32336e0d650117193d0d1d20100,19873,48024,Total
19874,2021,2021,2021,date,0,0,650117193,Wolverhampton,E08000031,2022 local authorities: counties,155,72,0,Total,0,Age,1000000,0,2,Male,_2,Sex,1000000,2,20100,Value,129552,A,Normal Value,F,Free (free for publication),Nm-2300d1d32336e0d650117193d0d2d20100,19874,48024,Total
20148,2021,2021,2021,date,0,0,650117194,Worcestershire,E10000034,2022 local authorities: counties,155,73,0,Total,0,Age,1000000,0,0,All persons,0,Sex,1000000,0,20100,Value,603667,A,Normal Value,F,Free (free for publication),Nm-2300d1d32336e0d650117194d0d0d20100,20148,48024,Total
20149,2021,2021,2021,date,0,0,650117194,Worcestershire,E10000034,2022 local authorities: counties,155,73,0,Total,0,Age,1000000,0,1,Female,_1,Sex,1000000,1,20100,Value,307907,A,Normal Value,F,Free (free for publication),Nm-2300d1d32336e0d650117194d0d1d20100,20149,48024,Total
20150,2021,2021,2021,date,0,0,650117194,Worcestershire,E10000034,2022 local authorities: counties,155,73,0,Total,0,Age,1000000,0,2,Male,_2,Sex,1000000,2,20100,Value,295760,A,Normal Value,F,Free (free for publication),Nm-2300d1d32336e0d650117194d0d2d20100,20150,48024,Total
20424,2021,2021,2021,date,0,0,650117195,Bedford,E06000055,2022 local authorities: counties,155,74,0,Total,0,Age,1000000,0,0,All persons,0,Sex,1000000,0,20100,Value,185224,A,Normal Value,F,Free (free for publication),Nm-2300d1d32336e0d650117195d0d0d20100,20424,48024,Total
20425,2021,2021,2021,date,0,0,650117195,Bedford,E06000055,2022 local authorities: counties,155,74,0,Total,0,Age,1000000,0,1,Female,_1,Sex,1000000,1,20100,Value,94097,A,Normal Value,F,Free (free for publication),Nm-2300d1d32336e0d650117195d0d1d20100,20425,48024,Total
20426,2021,2021,2021,date,0,0,650117195,Bedford,E06000055,2022 local authorities: counties,155,74,0,Total,0,Age,1000000,0,2,Male,_2,Sex,1000000,2,20100,Value,91127,A,Normal Value,F,Free (free for publication),Nm-2300d1d32336e0d650117195d0d2d20100,20426,48024,Total
20700,2021,2021,2021,date,0,0,650117196,Central Bedfordshire,E06000056,2022 local authorities: counties,155,75,0,Total,0,Age,1000000,0,0,All persons,0,Sex,1000000,0,20100,Value,294252,A,Normal Value,F,Free (free for publication),Nm-2300d1d32336e0d650117196d0d0d20100,20700,48024,Total
20701,2021,2021,2021,date,0,0,650117196,Central Bedfordshire,E06000056,2022 local authorities: counties,155,75,0,Total,0,Age,1000000,0,1,Female,_1,Sex,1000000,1,20100,Value,149120,A,Normal Value,F,Free (free for publication),Nm-2300d1d32336e0d650117196d0d1d20100,20701,48024,Total
20702,2021,2021,2021,date,0,0,650117196,Central Bedfordshire,E06000056,2022 local authorities: counties,155,75,0,Total,0,Age,1000000,0,2,Male,_2,Sex,1000000,2,20100,Value,145132,A,Normal Value,F,Free (free for publication),Nm-2300d1d32336e0d650117196d0d2d20100,20702,48024,Total
20976,2021,2021,2021,date,0,0,650117197,Luton,E06000032,2022 local authorities: counties,155,76,0,Total,0,Age,1000000,0,0,All persons,0,Sex,1000000,0,20100,Value,225255,A,Normal Value,F,Free (free for publication),Nm-2300d1d32336e0d650117197d0d0d20100,20976,48024,Total
20977,2021,2021,2021,date,0,0,650117197,Luton,E06000032,2022 local authorities: counties,155,76,0,Total,0,Age,1000000,0,1,Female,_1,Sex,1000000,1,20100,Value,112431,A,Normal Value,F,Free (free for publication),Nm-2300d1d32336e0d650117197d0d1d20100,20977,48024,Total
20978,2021,2021,2021,date,0,0,650117197,Luton,E06000032,2022 local authorities: counties,155,76,0,Total,0,Age,1000000,0,2,Male,_2,Sex,1000000,2,20100,Value,112824,A,Normal Value,F,Free (free for publication),Nm-2300d1d32336e0d650117197d0d2d20100,20978,48024,Total
21252,2021,2021,2021,date,0,0,650117198,Peterborough,E06000031,2022 local authorities: counties,155,77,0,Total,0,Age,1000000,0,0,All persons,0,Sex,1000000,0,20100,Value,215669,A,Normal Value,F,Free (free for publication),Nm-2300d1d32336e0d650117198d0d0d20100,21252,48024,Total
21253,2021,2021,2021,date,0,0,650117198,Peterborough,E06000031,2022 local authorities: counties,155,77,0,Total,0,Age,1000000,0,1,Female,_1,Sex,1000000,1,20100,Value,109064,A,Normal Value,F,Free (free for publication),Nm-2300d1d32336e0d650117198d0d1d20100,21253,48024,Total
21254,2021,2021,2021,date,0,0,650117198,Peterborough,E06000031,2022 local authorities: counties,155,77,0,Total,0,Age,1000000,0,2,Male,_2,Sex,1000000,2,20100,Value,106605,A,Normal Value,F,Free (free for publication),Nm-2300d1d32336e0d650117198d0d2d20100,21254,48024,Total
21528,2021,2021,2021,date,0,0,650117199,Southend-on-Sea,E06000033,2022 local authorities: counties,155,78,0,Total,0,Age,1000000,0,0,All persons,0,Sex,1000000,0,20100,Value,180688,A,Normal Value,F,Free (free for publication),Nm-2300d1d32336e0d650117199d0d0d20100,21528,48024,Total
21529,2021,2021,2021,date,0,0,650117199,Southend-on-Sea,E06000033,2022 local authorities: counties,155,78,0,Total,0,Age,1000000,0,1,Female,_1,Sex,1000000,1,20100,Value,92777,A,Normal Value,F,Free (free for publication),Nm-2300d1d32336e0d650117199d0d1d20100,21529,48024,Total
21530,2021,2021,2021,date,0,0,650117199,Southend-on-Sea,E06000033,2022 local authorities: counties,155,78,0,Total,0,Age,1000000,0,2,Male,_2,Sex,1000000,2,20100,Value,87911,A,Normal Value,F,Free (free for publication),Nm-2300d1d32336e0d650117199d0d2d20100,21530,48024,Total
21804,2021,2021,2021,date,0,0,650117200,Thurrock,E06000034,2022 local authorities: counties,155,79,0,Total,0,Age,1000000,0,0,All persons,0,Sex,1000000,0,20100,Value,176009,A,Normal Value,F,Free (free for publication),Nm-2300d1d32336e0d650117200d0d0d20100,21804,48024,Total
21805,2021,2021,2021,date,0,0,650117200,Thurrock,E06000034,2022 local authorities: counties,155,79,0,Total,0,Age,1000000,0,1,Female,_1,Sex,1000000,1,20100,Value,89792,A,Normal Value,F,Free (free for publication),Nm-2300d1d32336e0d650117200d0d1d20100,21805,48024,Total
21806,2021,2021,2021,date,0,0,650117200,Thurrock,E06000034,2022 local authorities: counties,155,79,0,Total,0,Age,1000000,0,2,Male,_2,Sex,1000000,2,20100,Value,86217,A,Normal Value,F,Free (free for publication),Nm-2300d1d32336e0d650117200d0d2d20100,21806,48024,Total
22080,2021,2021,2021,date,0,0,650117201,Cambridgeshire,E10000003,2022 local authorities: counties,155,80,0,Total,0,Age,1000000,0,0,All persons,0,Sex,1000000,0,20100,Value,678847,A,Normal Value,F,Free (free for publication),Nm-2300d1d32336e0d650117201d0d0d20100,22080,48024,Total
22081,2021,2021,2021,date,0,0,650117201,Cambridgeshire,E10000003,2022 local authorities: counties,155,80,0,Total,0,Age,1000000,0,1,Female,_1,Sex,1000000,1,20100,Value,343382,A,Normal Value,F,Free (free for publication),Nm-2300d1d32336e0d650117201d0d1d20100,22081,48024,Total
22082,2021,2021,2021,date,0,0,650117201,Cambridgeshire,E10000003,2022 local authorities: counties,155,80,0,Total,0,Age,1000000,0,2,Male,_2,Sex,1000000,2,20100,Value,335465,A,Normal Value,F,Free (free for publication),Nm-2300d1d32336e0d650117201d0d2d20100,22082,48024,Total
22356,2021,2021,2021,date,0,0,650117202,Essex,E10000012,2022 local authorities: counties,155,81,0,Total,0,Age,1000000,0,0,All persons,0,Sex,1000000,0,20100,Value,1503524,A,Normal Value,F,Free (free for publication),Nm-2300d1d32336e0d650117202d0d0d20100,22356,48024,Total
22357,2021,2021,2021,date,0,0,650117202,Essex,E10000012,2022 local authorities: counties,155,81,0,Total,0,Age,1000000,0,1,Female,_1,Sex,1000000,1,20100,Value,771191,A,Normal Value,F,Free (free for publication),Nm-2300d1d32336e0d650117202d0d1d20100,22357,48024,Total
22358,2021,2021,2021,date,0,0,650117202,Essex,E10000012,2022 local authorities: counties,155,81,0,Total,0,Age,1000000,0,2,Male,_2,Sex,1000000,2,20100,Value,732333,A,Normal Value,F,Free (free for publication),Nm-2300d1d32336e0d650117202d0d2d20100,22358,48024,Total
22632,2021,2021,2021,date,0,0,650117203,Hertfordshire,E10000015,2022 local authorities: counties,155,82,0,Total,0,Age,1000000,0,0,All persons,0,Sex,1000000,0,20100,Value,1198790,A,Normal Value,F,Free (free for publication),Nm-2300d1d32336e0d650117203d0d0d20100,22632,48024,Total
22633,2021,2021,2021,date,0,0,650117203,Hertfordshire,E10000015,2022 local authorities: counties,155,82,0,Total,0,Age,1000000,0,1,Female,_1,Sex,1000000,1,20100,Value,613396,A,Normal Value,F,Free (free for publication),Nm-2300d1d32336e0d650117203d0d1d20100,22633,48024,Total
22634,2021,2021,2021,date,0,0,650117203,Hertfordshire,E10000015,2022 local authorities: counties,155,82,0,Total,0,Age,1000000,0,2,Male,_2,Sex,1000000,2,20100,Value,585394,A,Normal Value,F,Free (free for publication),Nm-2300d1d32336e0d650117203d0d2d20100,22634,48024,Total
22908,2021,2021,2021,date,0,0,650117204,Norfolk,E10000020,2022 local authorities: counties,155,83,0,Total,0,Age,1000000,0,0,All persons,0,Sex,1000000,0,20100,Value,916121,A,Normal Value,F,Free (free for publication),Nm-2300d1d32336e0d650117204d0d0d20100,22908,48024,Total
22909,2021,2021,2021,date,0,0,650117204,Norfolk,E10000020,2022 local authorities: counties,155,83,0,Total,0,Age,1000000,0,1,Female,_1,Sex,1000000,1,20100,Value,466868,A,Normal Value,F,Free (free for publication),Nm-2300d1d32336e0d650117204d0d1d20100,22909,48024,Total
22910,2021,2021,2021,date,0,0,650117204,Norfolk,E10000020,2022 local authorities: counties,155,83,0,Total,0,Age,1000000,0,2,Male,_2,Sex,1000000,2,20100,Value,449253,A,Normal Value,F,Free (free for publication),Nm-2300d1d32336e0d650117204d0d2d20100,22910,48024,Total
23184,2021,2021,2021,date,0,0,650117205,Suffolk,E10000029,2022 local authorities: counties,155,84,0,Total,0,Age,1000000,0,0,All persons,0,Sex,1000000,0,20100,Value,760682,A,Normal Value,F,Free (free for publication),Nm-2300d1d32336e0d650117205d0d0d20100,23184,48024,Total
23185,2021,2021,2021,date,0,0,650117205,Suffolk,E10000029,2022 local authorities: counties,155,84,0,Total,0,Age,1000000,0,1,Female,_1,Sex,1000000,1,20100,Value,385975,A,Normal Value,F,Free (free for publication),Nm-2300d1d32336e0d650117205d0d1d20100,23185,48024,Total
23186,2021,2021,2021,date,0,0,650117205,Suffolk,E10000029,2022 local authorities: counties,155,84,0,Total,0,Age,1000000,0,2,Male,_2,Sex,1000000,2,20100,Value,374707,A,Normal Value,F,Free (free for publication),Nm-2300d1d32336e0d650117205d0d2d20100,23186,48024,Total
23460,2021,2021,2021,date,0,0,650117206,Camden,E09000007,2022 local authorities: counties,155,85,0,Total,0,Age,1000000,0,0,All persons,0,Sex,1000000,0,20100,Value,210131,A,Normal Value,F,Free (free for publication),Nm-2300d1d32336e0d650117206d0d0d20100,23460,48024,Total
23461,2021,2021,2021,date,0,0,650117206,Camden,E09000007,2022 local authorities: counties,155,85,0,Total,0,Age,1000000,0,1,Female,_1,Sex,1000000,1,20100,Value,110648,A,Normal Value,F,Free (free for publication),Nm-2300d1d32336e0d650117206d0d1d20100,23461,48024,Total
23462,2021,2021,2021,date,0,0,650117206,Camden,E09000007,2022 local authorities: counties,155,85,0,Total,0,Age,1000000,0,2,Male,_2,Sex,1000000,2,20100,Value,99483,A,Normal Value,F,Free (free for publication),Nm-2300d1d32336e0d650117206d0d2d20100,23462,48024,Total
23736,2021,2021,2021,date,0,0,650117207,City of London,E09000001,2022 local authorities: counties,155,86,0,Total,0,Age,1000000,0,0,All persons,0,Sex,1000000,0,20100,Value,8584,A,Normal Value,F,Free (free for publication),Nm-2300d1d32336e0d650117207d0d0d20100,23736,48024,Total
23737,2021,2021,2021,date,0,0,650117207,City of London,E09000001,2022 local authorities: counties,155,86,0,Total,0,Age,1000000,0,1,Female,_1,Sex,1000000,1,20100,Value,3862,A,Normal Value,F,Free (free for publication),Nm-2300d1d32336e0d650117207d0d1d20100,23737,48024,Total
23738,2021,2021,2021,date,0,0,650117207,City of London,E09000001,2022 local authorities: counties,155,86,0,Total,0,Age,1000000,0,2,Male,_2,Sex,1000000,2,20100,Value,4722,A,Normal Value,F,Free (free for publication),Nm-2300d1d32336e0d650117207d0d2d20100,23738,48024,Total
24012,2021,2021,2021,date,0,0,650117208,Hackney,E09000012,2022 local authorities: counties,155,87,0,Total,0,Age,1000000,0,0,All persons,0,Sex,1000000,0,20100,Value,259143,A,Normal Value,F,Free (free for publication),Nm-2300d1d32336e0d650117208d0d0d20100,24012,48024,Total
24013,2021,2021,2021,date,0,0,650117208,Hackney,E09000012,2022 local authorities: counties,155,87,0,Total,0,Age,1000000,0,1,Female,_1,Sex,1000000,1,20100,Value,135303,A,Normal Value,F,Free (free for publication),Nm-2300d1d32336e0d650117208d0d1d20100,24013,48024,Total
24014,2021,2021,2021,date,0,0,650117208,Hackney,E09000012,2022 local authorities: counties,155,87,0,Total,0,Age,1000000,0,2,Male,_2,Sex,1000000,2,20100,Value,123840,A,Normal Value,F,Free (free for publication),Nm-2300d1d32336e0d650117208d0d2d20100,24014,48024,Total
24288,2021,2021,2021,date,0,0,650117209,Hammersmith and Fulham,E09000013,2022 local authorities: counties,155,88,0,Total,0,Age,1000000,0,0,All persons,0,Sex,1000000,0,20100,Value,183153,A,Normal Value,F,Free (free for publication),Nm-2300d1d32336e0d650117209d0d0d20100,24288,48024,Total
24289,2021,2021,2021,date,0,0,650117209,Hammersmith and Fulham,E09000013,2022 local authorities: counties,155,88,0,Total,0,Age,1000000,0,1,Female,_1,Sex,1000000,1,20100,Value,97213,A,Normal Value,F,Free (free for publication),Nm-2300d1d32336e0d650117209d0d1d20100,24289,48024,Total
24290,2021,2021,2021,date,0,0,650117209,Hammersmith and Fulham,E09000013,2022 local authorities: counties,155,88,0,Total,0,Age,1000000,0,2,Male,_2,Sex,1000000,2,20100,Value,85940,A,Normal Value,F,Free (free for publication),Nm-2300d1d32336e0d650117209d0d2d20100,24290,48024,Total
24564,2021,2021,2021,date,0,0,650117210,Haringey,E09000014,2022 local authorities: counties,155,89,0,Total,0,Age,1000000,0,0,All persons,0,Sex,1000000,0,20100,Value,264247,A,Normal Value,F,Free (free for publication),Nm-2300d1d32336e0d650117210d0d0d20100,24564,48024,Total
24565,2021,2021,2021,date,0,0,650117210,Haringey,E09000014,2022 local authorities: counties,155,89,0,Total,0,Age,1000000,0,1,Female,_1,Sex,1000000,1,20100,Value,136998,A,Normal Value,F,Free (free for publication),Nm-2300d1d32336e0d650117210d0d1d20100,24565,48024,Total
24566,2021,2021,2021,date,0,0,650117210,Haringey,E09000014,2022 local authorities: counties,155,89,0,Total,0,Age,1000000,0,2,Male,_2,Sex,1000000,2,20100,Value,127249,A,Normal Value,F,Free (free for publication),Nm-2300d1d32336e0d650117210d0d2d20100,24566,48024,Total
24840,2021,2021,2021,date,0,0,650117211,Islington,E09000019,2022 local authorities: counties,155,90,0,Total,0,Age,1000000,0,0,All persons,0,Sex,1000000,0,20100,Value,216582,A,Normal Value,F,Free (free for publication),Nm-2300d1d32336e0d650117211d0d0d20100,24840,48024,Total
24841,2021,2021,2021,date,0,0,650117211,Islington,E09000019,2022 local authorities: counties,155,90,0,Total,0,Age,1000000,0,1,Female,_1,Sex,1000000,1,20100,Value,113292,A,Normal Value,F,Free (free for publication),Nm-2300d1d32336e0d650117211d0d1d20100,24841,48024,Total
24842,2021,2021,2021,date,0,0,650117211,Islington,E09000019,2022 local authorities: counties,155,90,0,Total,0,Age,1000000,0,2,Male,_2,Sex,1000000,2,20100,Value,103290,A,Normal Value,F,Free (free for publication),Nm-2300d1d32336e0d650117211d0d2d20100,24842,48024,Total
